{
  "schema": "breast-cancer",
  "target": "diagnosis",
  "features": [
    "radius_mean",
    "texture_mean",
    "perimeter_mean",
    "area_mean",
    "smoothness_mean",
    "compactness_mean",
    "concavity_mean",
    "concave_points_mean",
    "symmetry_mean",
    "fractal_dimension_mean",
    "radius_se",
    "texture_se",
    "perimeter_se",
    "area_se",
    "smoothness_se",
    "compactness_se",
    "concavity_se",
    "concave_points_se",
    "symmetry_se",
    "fractal_dimension_se",
    "radius_worst",
    "texture_worst",
    "perimeter_worst",
    "area_worst",
    "smoothness_worst",
    "compactness_worst",
    "concavity_worst",
    "concave_points_worst",
    "symmetry_worst",
    "fractal_dimension_worst"
  ],
  "means": [
    14.127291739894552,
    19.289648506151142,
    91.96903339191564,
    654.8891036906855,
    0.0963602811950791,
    0.10434098418277679,
    0.0887993158172232,
    0.04891914586994728,
    0.18116186291739894,
    0.06279760984182776,
    0.40517205623901575,
    1.2168534270650264,
    2.8660592267135327,
    40.337079086116,
    0.007040978910369069,
    0.025478138840070295,
    0.03189371634446397,
    0.011796137082601054,
    0.02054229876977153,
    0.0037949038664323374,
    16.269189806678387,
    25.677223198594024,
    107.26121265377857,
    880.5831282952548,
    0.13236859402460457,
    0.25426504393673116,
    0.27218848330404216,
    0.11460622319859401,
    0.2900755711775044,
    0.0839458172231986
  ],
  "stds": [
    3.5209507607110626,
    4.297254637090421,
    24.277619293053174,
    351.6047540632298,
    0.014051764066591201,
    0.05276632912535516,
    0.07964972534603187,
    0.03876873246147475,
    0.02739018086426853,
    0.007054155881537345,
    0.27706894152536543,
    0.551163426903576,
    2.020077099145524,
    45.451013415639935,
    0.0029998783671144774,
    0.01789243586828195,
    0.030159523121970455,
    0.006164860746471698,
    0.008259104387588137,
    0.0026437447504047366,
    4.828992576060773,
    6.140854318589003,
    33.57300156682592,
    568.8564589532672,
    0.02281235693554464,
    0.15719817109455367,
    0.20844087461170607,
    0.06567455451119318,
    0.06181307854455482,
    0.018045389308594995
  ],
  "val_ratio": 0.2,
  "seed": 42,
  "num_samples": 569
}